P1,P2,P3,P4,mean,variance,contained_before,ei,pi,ucb
1,1,1,1,0.1516921239962359,0.9975017089042512,False,0.0008504590202752221,0.0028338659997633603,2.1092422676519664
1,1,1,2,0.3639806349994709,0.9868641799338537,False,0.001611634998718383,0.0051205202190168385,2.3110649766842095
1,1,1,3,0.747361936669763,0.858402782726182,False,0.0030224223346276592,0.009662197201672674,2.563302500157704
1,1,1,4,1.1070857511520424,0.6240277495918862,False,0.0029941905282906134,0.011063503294635287,2.655396121469373
1,1,1,5,0.7737185417131693,0.8643200521484649,False,0.003375899597473739,0.010643857408175347,2.5959073113892264
1,1,1,6,0.21757046895844598,0.9913125341316551,False,0.0010252923164987826,0.003375684471321111,2.1690381809947397
1,1,1,7,-0.014450454539432634,0.9973554717125538,False,0.0004826444840949889,0.001678654788661978,1.9429561920547151
1,1,2,1,0.23877764916907082,0.993261929642273,False,0.001109805141460243,0.003627282106504397,2.1921631791947633
1,1,2,2,0.46288911511989944,0.9797290311020004,False,0.002129839861533707,0.0066248052253721455,2.402921858627453
1,1,2,3,0.599749746957776,0.9432572202068649,False,0.002776459428163496,0.008574328435014284,2.503329778673462
1,1,2,4,0.6981769777521856,0.8618192220643968,False,0.002621847483812771,0.008480463062462362,2.517727670500971
1,1,2,5,0.4281492580004632,0.9491704355516585,False,0.0016589989894806798,0.005352189274239991,2.337686674553292
1,1,2,6,-0.015463628055889257,0.9788860778438948,False,0.0004328368234137398,0.0015305283353377812,1.9237343393123487
1,1,2,7,-0.22233715330851558,0.9498146746217067,False,0.00016835846160125935,0.0006436669854621829,1.6878481921558317
1,1,3,1,0.13968378515242819,0.9975181004216289,False,0.000817118491898812,0.0027312821440683937,2.0972500125326743
1,1,3,2,0.24660442080687595,0.9932083249080321,False,0.001138232891010357,0.0037126135512691553,2.199937239598056
1,1,3,3,0.21742588255946713,0.9951840304894335,False,0.0010446996052286429,0.0034282337768014176,2.172700536291829
1,1,3,4,0.15256157948971044,0.9929415084136789,False,0.0008331877419596794,0.002786660272787572,2.1056320080001596
1,1,3,5,-0.024412375255776643,0.9931564602289376,False,0.0004552384514079121,0.0015931698540919458,1.9288694419983254
1,1,3,6,-0.3271671133703159,0.9473474839460353,False,0.00011020038957018359,0.0004331692858789425,1.5805357183954412
1,1,3,7,-0.45057595546096957,0.864656642626618,False,3.3654021134746446e-05,0.00014785752270145836,1.371967585394616
1,1,4,1,0.015223407967983252,0.9998537471090068,False,0.0005423204252537747,0.0018680025019211992,1.975080074893899
1,1,4,2,0.019462163907088548,0.9995352325666879,False,0.0005493319589435965,0.001890637511152686,1.9790066388879928
1,1,4,3,-0.011241484000244002,0.9995256192057099,False,0.000494013767245882,0.0017135594976333346,1.9482935676741717
1,1,4,4,-0.04118657098894267,0.999490822784349,False,0.00044501306067035607,0.0015553416829466832,1.9183143718044908
1,1,4,5,-0.16172627522750005,0.9928687771775092,False,0.00027870632008092627,0.0010095845414486858,1.7912726224693523
1,1,4,6,-0.35646272518641636,0.9677335739612957,False,0.00011374174944556018,0.0004417876754829971,1.5716569022562674
1,1,4,7,-0.3607253422947991,0.94746489961136,False,9.661421931445643e-05,0.00038278690072004703,1.5470957075804246
1,1,5,1,-0.041844627803821074,0.9998304697056323,False,0.00044484628970124177,0.0015545556256175862,1.917989225465674
1,1,5,2,-0.12970945638946577,0.9975025364178187,False,0.00032163842360073995,0.0011512290156300892,1.8278414992443057
1,1,5,3,-0.20505549665965364,0.9932598389354537,False,0.00023860551987408803,0.0008732393207145717,1.748327977534402
1,1,5,4,-0.14172473618478576,0.997398513334062,False,0.0003078873462676072,0.0011053855588024058,1.8157241466277725
1,1,5,5,-0.11548567726119485,0.9973994807203566,False,0.00033820059516684276,0.0012063637499055188,1.841964154825268
1,1,5,6,-0.16697780101397597,0.9928901983528199,False,0.0002734871355070641,0.000991939201106405,1.7860421645757751
1,1,5,7,-0.13203587084512947,0.995633180357024,False,0.00031542436176381066,0.0011314953028874742,1.8236799637432044
1,1,6,1,-0.055652255743637795,0.9996479173955026,False,0.0004234141071137029,0.0014850335185174555,1.9040026729278778
1,1,6,2,-0.21012643984136375,0.9932561164312166,False,0.0002342100583651325,0.0008582156220151168,1.7432533739383735
1,1,6,3,-0.33807156726859766,0.9816841320203235,False,0.00013453345018601135,0.0005136908259868495,1.6038959302887827
1,1,6,4,-0.20824646148389714,0.9932564292951621,False,0.00023582914527974603,0.0008637525426485426,1.7451336599416014
1,1,6,5,-0.06423781204890877,0.9995408254626819,False,0.00041058863119740937,0.001443286410795821,1.8953121452365487
1,1,6,6,-0.036173333814572765,0.9996623590819174,False,0.00045331336246479375,0.0015821181366375957,1.9234957501506498
1,1,6,7,-0.02241548343649347,0.9998697900724165,False,0.00047612500862049753,0.0016556825340926613,1.937456906680321
1,2,1,1,0.6497359415440872,0.9502120016719341,False,0.0033312214297068557,0.010076498003979917,2.560320780179342
1,2,1,2,1.2650438953712464,0.8503516927357705,False,0.013537393666926315,0.03681769585263002,3.0724484053838044
1,2,1,3,1.7084717381977998,0.5873448497168654,False,0.01894008797317527,0.0577613436804899,3.210584907926469
1,2,1,4,2.258741276976085,1.0199999725454722e-08,True,0.0,0.0,2.2589392272702127
1,2,1,5,1.8516378838940122,0.5745511480393353,False,0.02764767070149353,0.08039819526227299,3.3373012678097327
1,2,1,6,0.7054700970302061,0.9401999103190598,False,0.003782127986199233,0.011352973073924097,2.605962658310492
1,2,1,7,0.05448149789954643,0.990760404804212,False,0.0005905801286164207,0.002029961485610317,2.0054056817405947
1,2,2,1,1.0505171464187115,0.8645289289286819,False,0.007792292327035766,0.022488614260891632,2.8729260833405057
1,2,2,2,1.8518570959640133,0.6292791323133371,False,0.03316906487193473,0.09016298019232671,3.406668568360238
1,2,2,3,1.6942455715631122,0.7395943830162715,False,0.03023306268782483,0.07793885670098522,3.379839170802059
1,2,2,4,1.5109709268617186,0.6294079971698541,False,0.012230961563257925,0.03842249104194771,3.065941589584238
1,2,2,5,1.080864528914004,0.8413290331883793,False,0.007803963224991925,0.022791399408793402,2.878654731884439
1,2,2,6,0.21467940783507722,0.9293125354141617,False,0.0007318046028799733,0.0025490578000018534,2.1041362176211713
1,2,2,7,-0.3011062140532888,0.8620968582271722,False,6.276786583887188e-05,0.0002666848105559035,1.5187375403843018
1,2,3,1,0.6063899307630155,0.9500073717726982,False,0.00291689395091144,0.008937210654677034,2.516769034344814
1,2,3,2,1.0539809652358454,0.8646295230200411,False,0.007873448841500014,0.022694814763167138,2.87649592419607
1,2,3,3,0.7705721429761144,0.945054740917357,False,0.004676780070382153,0.013708846993437402,2.675965092660803
1,2,3,4,0.4082315112884524,0.9797478208610351,False,0.00179466705511196,0.005667715650666583,2.348282858191351
1,2,3,5,0.12908515944745463,0.9851798985356084,False,0.0007392749738376675,0.002504673821101724,2.074507246865605
1,2,3,6,-0.3528678362321083,0.8638270467046052,False,5.1070466701265264e-05,0.00021935208398796502,1.4688011739397207
1,2,3,7,-0.6477368031425801,0.6293770223285944,False,5.772152500658316e-07,3.554504145507981e-06,0.9071955969885408
1,2,4,1,0.013240087239106683,0.9950469332183991,False,0.0005245134424765596,0.001815162810615129,1.9683800563082783
1,2,4,2,0.142829741949497,0.9923104822328086,False,0.0008038364078619339,0.0026968202281409375,2.0952794720438614
1,2,4,3,0.10693411091397773,0.9973347955396612,False,0.000731345716963862,0.0024658708939612646,2.064320467907702
1,2,4,4,0.014571063402109494,0.9995893000171671,False,0.0005403170239349549,0.0018618383040065207,1.9741685360851984
1,2,4,5,-0.11259949678212294,0.9955816714414797,False,0.00033804144857198454,0.0012068593625954112,1.8430657478365946
1,2,4,6,-0.3529457981626732,0.9474686220460409,False,9.963837014431817e-05,0.00039403448388933065,1.5548789994673582
1,2,4,7,-0.45414326379838715,0.864651879746765,False,3.3129016027631276e-05,0.00014567537053938396,1.3683952573953826
1,2,5,1,-0.21000640953850058,0.9932021460640095,False,0.0002342338496359223,0.0008583187750092091,1.743320333308046
1,2,5,2,-0.1801773579933042,0.9965671934215802,False,0.00026664821465679535,0.0009671237059466192,1.7764555994742794
1,2,5,3,-0.14048488457877378,0.9973817424884411,False,0.00030922959559795404,0.0011098814345733685,1.8169475413158203
1,2,5,4,-0.08598413541740105,0.9990416152495966,False,0.0003791919202462118,0.0013407665103771962,1.873076422386479
1,2,5,5,-0.07661078232215826,0.9989930344004314,False,0.00039184472779653454,0.0013823274194056045,1.8824021428400768
1,2,5,6,-0.13309534844911589,0.9956330069333195,False,0.00031422735997765124,0.001127496776414404,1.8226203158116785
1,2,5,7,-0.1328468224801042,0.9928901033542104,False,0.00030936710554193333,0.0011126770649817954,1.8201730496782758
1,2,6,1,-0.15150717347498763,0.9973984488730366,False,0.0002972489552793469,0.0010697667319166273,1.8059416460834339
1,2,6,2,-0.19855306080917556,0.9966110063161668,False,0.0002494861859906861,0.0009089151563555353,1.758122906709255
1,2,6,3,-0.22072429692816706,0.9932172516097084,False,0.00022522268638672932,0.0008274424791942162,1.7326172998704716
1,2,6,4,-0.12759457812381172,0.9975189158778474,False,0.0003241133498528897,0.0011594642850430044,1.8299724493969163
1,2,6,5,-0.039577705999143384,0.9998314149263813,False,0.0004483857280825924,0.0015660302959568009,1.9202570736649962
1,2,6,6,-0.02456711039311693,0.9998689886768231,False,0.0004725728053140664,0.0016442235712519288,1.9353044943047222
1,2,6,7,-0.01792949801662001,0.9999200186473106,False,0.0004837422329317005,0.0016801931541978376,1.9419921186904125
1,3,1,1,1.0528077037372223,0.8645279738126797,False,0.007843927290115384,0.022620596830839463,2.87521563397644
1,3,1,2,1.8634862944181885,0.6293628740514929,False,0.034240292380665976,0.09258489319705387,3.418401217157119
1,3,1,3,1.8214286425969546,0.7421590149386266,False,0.041879930854205744,0.10222286079048876,3.5099422113278154
1,3,1,4,2.084162807554991,0.5723222893512063,False,0.05214182692451125,0.1361535721857136,3.5669417212071894
1,3,1,5,2.0705117710147554,0.5751506971482041,False,0.05071020147220576,0.13284079820584827,3.556950104133402
1,3,1,6,0.9959466668704697,0.8639684495248505,False,0.0066331210924365225,0.019498093437486694,2.817764768574003
1,3,1,7,0.1599371304563832,0.9906902039490069,False,0.0008441428506631909,0.002823364709801402,2.1107921961879472
1,3,2,1,1.714518932479694,0.6314177028421977,False,0.022745474317568376,0.06548130470139288,3.2719701346810943
1,3,2,2,2.914643751273603,1.0200000058521629e-08,True,4.0276893043932944e-05,0.49988699506174344,2.914841701570963
1,3,2,3,2.1892459647308202,0.5947856380942138,False,0.0718612845935406,0.17345991952997086,3.7008439626465135
1,3,2,4,1.5035997197903952,0.8297542848605779,False,0.02384925903521544,0.060684684652711825,3.288980368481423
1,3,2,5,1.2468097224327144,0.8430238195267447,False,0.012573084995065043,0.03464765112644951,3.046409762745545
1,3,2,6,0.4817438858352574,0.9323107743181187,False,0.0018203954697289023,0.005873223577821848,2.374246216248746
1,3,2,7,-0.1016525647957424,0.9470916944054981,False,0.00026064628383380565,0.0009695566013947823,1.8057927039415185
1,3,3,1,0.9192036492814046,0.8619663599109055,False,0.005235844842281331,0.015805998380741124,2.7389096607661543
1,3,3,2,1.662030216437108,0.6309244032135227,False,0.019486530381923675,0.05739911865748078,3.218872914780479
1,3,3,3,1.129853666720686,0.8636307986292465,False,0.009737580673229378,0.02739493709921172,2.951315737699413
1,3,3,4,0.4748799624725367,0.9860696858637639,False,0.0022723996113958762,0.007006367114356222,2.42118037741732
1,3,3,5,0.23589127812233118,0.9898026150272049,False,0.0010807930868520672,0.0035457567410905333,2.185872233385359
1,3,3,6,-0.10572351721035693,0.9476050287766016,False,0.00025758006725246346,0.0009586739334285085,1.8022386099159107
1,3,3,7,-0.35683281353149005,0.8627271627712629,False,4.972790495863749e-05,0.00021403594872848367,1.4636760901825467
1,3,4,1,-0.32501301427717555,0.9435491485683907,False,0.00010810946267950376,0.0004262508766757789,1.578861563824105
1,3,4,2,0.04348397672405354,0.9634227143933201,False,0.0004874107576280477,0.0017214219411181742,1.9673043164682247
1,3,4,3,0.15923689839778685,0.9923559614213937,False,0.0008494224460943185,0.0028374366359227416,2.1117313699383407
1,3,4,4,0.055961509367812697,0.999603953919875,False,0.0006227276408488054,0.0021232297913424095,2.0155733457728164
1,3,4,5,-0.02276808508037367,0.9989876125792955,False,0.00047319267686337513,0.0016468972035598697,1.9362395240127153
1,3,4,6,-0.1561738871201073,0.9816776383412078,False,0.00026542043625544035,0.000969753108993156,1.7857871875288116
1,3,4,7,-0.24286515452503676,0.9498391997170018,False,0.00015564611521179644,0.0005980468223588692,1.6673448521582164
1,3,5,1,-0.9026667237210168,0.8646290002606563,False,4.14536457779266e-06,2.0191433398418862e-05,0.9198476842882416
1,3,5,2,-0.5420477436382449,0.9500574985222076,False,4.735194233469536e-05,0.00019527880236314406,1.3683817594638488
1,3,5,3,-0.13272873125846568,0.9973546409423734,False,0.00031789900621395856,0.0011388419628965156,1.8246771001020679
1,3,5,4,-0.025087045535912324,0.9999333195336332,False,0.00047188906216789374,0.0016419679758520587,1.934847606517672
1,3,5,5,-0.020866909946848596,0.9999177352425009,False,0.0004788239674794843,0.0016643477675653611,1.939052468932699
1,3,5,6,-0.04882883625212313,0.9990378294418557,False,0.00043215684288115674,0.001513909972266381,1.910228009677528
1,3,5,7,-0.061607763541380735,0.9975209659132284,False,0.00040962355858917623,0.0014414888000327793,1.8959612755099262
1,3,6,1,-0.5623917689472433,0.9502072620382995,False,4.3585600515019395e-05,0.0001805635654153646,1.348188304707439
1,3,6,2,-0.36438708181505053,0.9815626087577005,False,0.00012153171294864177,0.0004670071404651992,1.577460213366417
1,3,6,3,-0.12035457051730034,0.9987532503829849,False,0.0003350520899742652,0.0011951551599502837,1.8384232337962145
1,3,6,4,-0.03426066653301558,0.9998703733500638,False,0.0004568849376573982,0.0015935268956413962,1.9256122952330283
1,3,6,5,-0.009348986860279802,0.9999914764562305,False,0.0004985583318338656,0.0017277947136249982,1.9506426600490265
1,3,6,6,-0.007074646330324365,0.9999891358249332,False,0.000502495773673596,0.0017404417682329505,1.9529147067491923
1,3,6,7,-0.006628803778823394,0.9999823763608219,False,0.0005032533831662344,0.0017428793584889199,1.9533539249786862
1,4,1,1,0.6341712683456625,0.9501183716837647,False,0.0031764357626378296,0.00965298501584906,2.5446619740703333
1,4,1,2,1.080509409525898,0.8646570719231064,False,0.00849713346519157,0.02427830127565175,2.903053402822028
1,4,1,3,0.8826153150458443,0.9440153076517185,False,0.006435232989220732,0.018245428476710804,2.7869601383052354
1,4,1,4,0.8981600407487109,0.9405229850168384,False,0.00664152913277867,0.018796461785696276,2.798979100849037
1,4,1,5,1.0364612336419645,0.8646513278320143,False,0.007485231903466914,0.02169991474733613,2.858999173164614
1,4,1,6,0.5664705131452273,0.9491517258528154,False,0.0025696431746126645,0.007970768787480058,2.475989109555374
1,4,1,7,0.11246931166290748,0.997310830523772,False,0.0007450195912720612,0.0025084250191212583,2.069832151439969
1,4,2,1,1.026813531936048,0.8643207837165993,False,0.00726942945464986,0.021147537456181368,2.849003072770285
1,4,2,2,1.731321912387796,0.6317294763550141,False,0.023894479888883227,0.06826958800924193,3.2891575764953496
1,4,2,3,1.191755448397086,0.86317794314899,False,0.011551698289016456,0.03183989576220431,3.012739903685258
1,4,2,4,0.6910184566278554,0.9726150429570137,False,0.004119739893521539,0.012075698820391473,2.62399490475744
1,4,2,5,0.6345836116928669,0.9501604232316148,False,0.0031809763821406475,0.009665261677265165,2.545116595414051
1,4,2,6,0.31705944173829403,0.9804645331319961,False,0.0013453996632263772,0.004353683616607129,2.257820259170436
1,4,2,7,0.02422085053897662,0.9965633736541636,False,0.0005493688400588122,0.0018933637082359362,1.9808500581891728
1,4,3,1,0.4275286066280679,0.9434439318851852,False,0.0016109784188698215,0.005224924373415522,2.331297029711644
1,4,3,2,0.9229952060696758,0.862017630752256,False,0.00529718518200966,0.015971026097402533,2.742755335948849
1,4,3,3,0.6381282855187216,0.9500657813558947,False,0.003214137264658079,0.009756707792002169,2.548566116398545
1,4,3,4,0.2400763279286089,0.9965322829610597,False,0.0011324846387834701,0.003689729092237194,2.1966750139711007
1,4,3,5,0.13820573665121483,0.9973938600910928,False,0.0008125700828898515,0.0027174174845703567,2.095650053337118
1,4,3,6,0.025742324457782073,0.9965896730292275,False,0.0005523363635809532,0.001902809289528386,1.9823973497264369
1,4,3,7,-0.06767829897204156,0.9931132783997115,False,0.0003908512445120211,0.0013828579005315499,1.8855610540772287
1,4,4,1,-0.7770361551097826,0.8622699105174585,False,7.390870894548421e-06,3.510136474065269e-05,1.0429902425679731
1,4,4,2,-0.32417901877906435,0.9435501871822548,False,0.00010846632520977316,0.00042757171310295404,1.5796966071690568
1,4,4,3,0.019015092549741784,0.9950517664837901,False,0.0005351079154537162,0.001849098536364994,1.9741598099873356
1,4,4,4,0.028478313233467688,0.9998537058326711,False,0.000567610761741136,0.0019485276454303902,1.9883349397056156
1,4,4,5,0.005263065015768951,0.9999376841671141,False,0.000524250268134888,0.0018102027276001077,1.9652019945481116
1,4,4,6,-0.026750591160214568,0.9990766394190922,False,0.0004669098178575956,0.0016265377111508068,1.9323443064882848
1,4,4,7,-0.050777960693505673,0.9974866707216485,False,0.0004254304566655891,0.0014930980740211635,1.9067574270439125
1,4,5,1,-1.5022859613583537,0.6321138271817599,False,1.869421751244182e-09,1.384122095445872e-08,0.056023532452631475
1,4,5,2,-0.9002953613379402,0.8646305701210267,False,4.1935853455074215e-06,2.0415695385730057e-05,0.9222207011912592
1,4,5,3,-0.19546496195508284,0.9932461930973734,False,0.00024709794908595864,0.0009022165672938453,1.7579050939746352
1,4,5,4,-0.01567925616448851,0.9999534652531941,False,0.0004876279071124104,0.0016926774942216966,1.9442751392530861
1,4,5,5,-0.002691456201973344,0.9999975418645932,False,0.0005102021542653812,0.0017651602619823384,1.9573061348238476
1,4,5,6,-0.008178233902632809,0.999954600058109,False,0.0005004822729849853,0.0017340041584036872,1.9517772736493195
1,4,5,7,-0.012167286777983056,0.9998756584657179,False,0.0004933921472896913,0.0017112826680814556,1.9477108547302848
1,4,6,1,-0.9181742097421691,0.8646640949692356,False,3.84482718374839e-06,1.8790313894322513e-05,0.9043771852077279
1,4,6,2,-0.5584965908573603,0.950212188001661,False,4.429607901054874e-05,0.0001833420316147432,1.3520884351038454
1,4,6,3,-0.12763122198384053,0.9975190696586248,False,0.00032407116204338435,0.0011593237141490878,1.8299359564293483
1,4,6,4,-0.012439623864272616,0.9999824699549552,False,0.000493220005314988,0.0017106444267914569,1.947543196616294
1,4,6,5,-0.0011306931072537967,0.9999999167319464,False,0.0005129708065978976,0.001774033661338539,1.958869225290052
1,4,6,6,-0.0009377616861732211,0.9999996770451263,False,0.0005133124974990915,0.0017751289233482806,1.959061921818025
1,4,6,7,-0.001130317250504451,0.9999991684700861,False,0.0005129693462026996,0.0017740295959571925,1.9588688678500106
2,1,1,1,0.0920693401861251,0.9990809709270748,False,0.000701972843729361,0.00237236389339667,2.0511684846689793
2,1,1,2,0.2230732118172728,0.9951871030921974,False,0.001064241848699965,0.0034871264496346187,2.1783508839751136
2,1,1,3,0.4814042000829044,0.9488141046685493,False,0.0019642377042222714,0.006244619999756186,2.3905831504421156
2,1,1,4,0.7961461202682133,0.8645293684430365,False,0.0036257200851693844,0.011350107084101228,2.6185555204334916
2,1,1,5,0.6649984864832055,0.9423064929249414,False,0.0033764623669272006,0.010238514797242354,2.5676189486932737
2,1,1,6,0.21696358894488266,0.989821770513927,False,0.0010156595391245492,0.0033488286316794287,2.1669634129464903
2,1,1,7,-0.0391027632413052,0.9929091057964569,False,0.0004317721408536382,0.0015169855053815883,1.9139357977778233
2,1,2,1,0.14461412112313346,0.9975212146208696,False,0.0008307006905928704,0.002773104434647092,2.1021834042105887
2,1,2,2,0.2817390816122871,0.9925494567462284,False,0.0012717385479053059,0.004111566319116084,2.234423898226661
2,1,2,3,0.3790613371050366,0.9794542529277941,False,0.0016338938308838764,0.005202988581399797,2.31882200740625
2,1,2,4,0.4816326297888246,0.9500843333805435,False,0.001977177287177131,0.006278254008639817,2.392089113227978
2,1,2,5,0.2838316434958449,0.9745209567821348,False,0.0011728741914187706,0.0038496246314011313,2.218701072572197
2,1,2,6,-0.19208597687496054,0.9448287558412551,False,0.00018265400074214634,0.0006963774658305715,1.7130791467927402
2,1,2,7,-0.4246817787910788,0.86461504752118,False,3.7681601282712985e-05,0.00016453886105824002,1.3978179239681192
2,1,3,1,0.08039837358081253,0.9990843327846018,False,0.0006747959232229449,0.0022873862841068476,2.0395008141962405
2,1,3,2,0.13948805634680278,0.9974847756367522,False,0.0008164438959031746,0.0027292451439900984,2.0970215845618747
2,1,3,3,0.11499004983121923,0.9981832729741441,False,0.0007547971506496783,0.0025377674869506493,2.0732088479887367
2,1,3,4,0.026202917988050974,0.99500882207321,False,0.000548423118126435,0.001891712097767877,1.9813054449355365
2,1,3,5,-0.3564453950988394,0.9464371338715447,False,9.752439216525674e-05,0.0003863717245420899,1.550340616356281
2,1,3,6,-0.9376445292574633,0.7615162698120788,False,9.175758837321687e-07,5.062740397941937e-06,0.7727475024446495
2,1,3,7,-0.9747397121227547,0.6118377243730176,False,4.848029771513683e-08,3.3071216671700587e-07,0.558373395887018
2,1,4,1,-0.025276502526880927,0.9997860124807466,False,0.0004711880983317299,0.0016398176264597441,1.9345137784843391
2,1,4,2,-0.1019229463105248,0.9973815698961105,False,0.00035489819340745734,0.0012616892390028423,1.8555093102217153
2,1,4,3,-0.19398137526501263,0.9931668776096367,False,0.0002483174055558004,0.0009064042483259274,1.759310686108601
2,1,4,4,-0.249263280571276,0.9907271113626396,False,0.00019952000798109876,0.0007397387870932856,1.7016281236362254
2,1,4,5,-0.67121303659328,0.8645467662339255,False,1.242988453928337e-05,5.7499850610414623e-05,1.1512147005651094
2,1,4,6,-1.2168511418952586,0.6118542933338156,False,8.88974418768746e-09,6.395502818890696e-08,0.3162827248206215
2,1,4,7,-0.974708847089744,0.7615808902321273,False,7.479644543156302e-07,4.160372770290262e-06,0.7357557529285492
2,1,5,1,-0.1499237831913016,0.9973981669493721,False,0.00029894680886986477,0.0010754580731701653,1.8075247597218211
2,1,5,2,-0.5690979095213174,0.9501683331163739,False,4.237705707655726e-05,0.0001758335494506239,1.3414430265750181
2,1,5,3,-0.9232881947359624,0.8646500308321354,False,3.7492693794824596e-06,1.8343991176208086e-05,0.8992483778585991
2,1,5,4,-0.6366328720700605,0.9477333919178643,False,3.130298615439326e-05,0.00013220277205067756,1.2714584775229478
2,1,5,5,-0.49925678376197025,0.9473966688720649,False,5.5270120854221654e-05,0.00022625664858932047,1.4084955699618886
2,1,5,6,-0.6615755773227915,0.8646522001784959,False,1.3009817381115534e-05,6.004358040227011e-05,1.160963281578634
2,1,5,7,-0.44825258721799843,0.9474698374393015,False,6.805753419317348e-05,0.00027528660328121857,1.4595734340708457
2,1,6,1,-0.2208271706158308,0.9932172475372075,False,0.00022513757356886193,0.0008271504690625148,1.732514422178153
2,1,6,2,-0.9246980558450127,0.8646493566269738,False,3.7234632256003794e-06,1.8223331708089898e-05,0.8978378061939712
2,1,6,3,-1.5115285782303967,0.6321202302133708,False,1.7459589250339493e-09,1.2951207961636157e-08,0.04678880805125729
2,1,6,4,-0.9329265689516666,0.8645514058646024,False,3.572340518286703e-06,1.7516829707017582e-05,0.8895060582720278
2,1,6,5,-0.2863057409335031,0.9907611853575721,False,0.00017384842446797758,0.0006503182928605015,1.6646192114082443
2,1,6,6,-0.1549748684265551,0.9931680871334747,False,0.00028612193136805936,0.0010344527694712573,1.798318382350695
2,1,6,7,-0.08867794777030912,0.9975212306515007,False,0.00037228340770295923,0.001318977801080151,1.8688913510466716
2,2,1,1,0.39432639951403464,0.9816841486052077,False,0.0017327154880636998,0.005483944500628094,2.3362939134755236
2,2,1,2,0.7776276277475981,0.9450565541169056,False,0.004774437934376732,0.013965318957206282,2.683022405292531
2,2,1,3,1.1626765778340815,0.8509362102355044,False,0.010217645193190628,0.02876714753768142,2.9707021709164123
2,2,1,4,1.93536717082246,0.5752041262323329,False,0.03518033085302018,0.09831672059950475,3.421874544276803
2,2,1,5,2.042818709346714,0.5749235759311362,False,0.047107683367400136,0.1251120422778486,3.5289635237228407
2,2,1,6,0.9364378470559422,0.858532807882983,False,0.005438724010310515,0.01638147429725981,2.7525159386487204
2,2,1,7,0.0690303862450707,0.9748011860674153,False,0.0005686239071528744,0.0019748045504181283,2.0041779869196503
2,2,2,1,0.63495339211132,0.9501619545846803,False,0.003184572561786156,0.009675129233030842,2.54548791541429
2,2,2,2,1.1278839123989617,0.8636509596033205,False,0.009684432495064538,0.027262892746389784,2.9493672437561598
2,2,2,3,1.1028653236472294,0.9051455077149088,False,0.010398862388670667,0.028432559100112713,2.9675923767136005
2,2,2,4,1.2463901147593264,0.8426096498155267,False,0.01254128963545318,0.03457847221957619,3.0455480374363013
2,2,2,5,1.1272152417816164,0.8372022941498983,False,0.00879192208414159,0.025380170758778527,2.9205909227827416
2,2,2,6,0.1672306940925569,0.8166777572119606,False,0.0002994496004076427,0.0011822031828535458,1.938487104696473
2,2,2,7,-0.5386812261984629,0.627490181131227,False,1.0839575228126629e-06,6.518803691200861e-06,1.013918619168566
2,2,3,1,0.33775514694475955,0.9813261426714541,False,0.0014441971247865677,0.004643679617224806,2.279368524959718
2,2,3,2,0.6177178088540897,0.9500953880034398,False,0.00302085972957971,0.009224579708414248,2.5281854067353033
2,2,3,3,0.46809025982122043,0.9797982177187958,False,0.0021652084343833713,0.00672461726299037,2.408191502846575
2,2,3,4,0.2689158672312968,0.9905635819430118,False,0.0012083450885132085,0.0039267967822146504,2.2196462577241176
2,2,3,5,-0.07454266515715262,0.9601677360955522,False,0.00031286839818608133,0.001142078428814659,1.846025056893979
2,2,3,6,-0.8426391876424022,0.6099894859416761,False,1.1326418554957344e-07,7.518274636389881e-07,0.6881565561436664
2,2,3,7,-1.2101341606567615,1.0199999725454722e-08,True,0.0,0.0,-1.2099362103626337
2,2,4,1,-0.1359332871802041,0.9923155655496745,False,0.0003048913695603175,0.0010979737259455811,1.8165214438227015
2,2,4,2,-0.05687442877211939,0.9941420414971434,False,0.00040848012115607055,0.0014400183965851412,1.8973763398385586
2,2,4,3,-0.06417959002325638,0.9964652742701144,False,0.000403469047248594,0.0014220595771086016,1.892353312239333
2,2,4,4,-0.12585537941309333,0.9965195652651372,False,0.00032420021823766727,0.0011602947323567073,1.8307308215815246
2,2,4,5,-0.4403476199811909,0.9473852318518117,False,7.022112474752446e-05,0.0002835340316592212,1.4673932184667153
2,2,4,6,-0.9651339825134453,0.7615937876542623,False,7.889857493352771e-07,4.379263715443446e-06,0.7453451008584075
2,2,4,7,-0.9793499214838901,0.6118225862759328,False,4.696257109616471e-08,3.206987848793628e-07,0.5537442202561478
2,2,5,1,-0.40576601312010396,0.9807723876208344,False,0.00010300694233226614,0.00039999331545370256,1.5352994685894126
2,2,5,2,-0.5297736347606409,0.9749435725813959,False,6.0467316211136406e-05,0.00024296203780398907,1.4055152915830953
2,2,5,3,-0.5972099638436127,0.949871400997887,False,3.7605053708057766e-05,0.00015708323925751097,1.3130324223664416
2,2,5,4,-0.3888520510154174,0.9807756871408211,False,0.00010998772579303199,0.0004254019254960705,1.5522166957630623
2,2,5,5,-0.31404082854267196,0.9807846989767495,False,0.00014652980217579352,0.0005567488483862212,1.627036835949164
2,2,5,6,-0.45377806917486263,0.9474653889359089,False,6.655006337219602e-05,0.00026953918836211785,1.4540434733537322
2,2,5,7,-0.3588743786467919,0.9677333748475296,False,0.00011268082331317717,0.000437918113869461,1.5692450504380016
2,2,6,1,-0.3283943363135845,0.9907877965759917,False,0.0001484315783710289,0.0005608441255705199,1.6225568161570072
2,2,6,2,-0.6786098072311336,0.9477463490678348,False,2.6198442911702223e-05,0.00011169541972215264,1.2294945857670574
2,2,6,3,-0.942947046668213,0.8645457854812032,False,3.400653531826747e-06,1.6711367980810983e-05,0.8794796567974135
2,2,6,4,-0.5680441528270952,0.950170755484434,False,4.256356412830377e-05,0.00017656436361625252,1.342499218643179
2,2,6,5,-0.17467611787311055,0.9966071334609661,False,0.0002720848239872518,0.0009854784824561299,1.7819960477958467
2,2,6,6,-0.09832869026206327,0.9975051517238278,False,0.00035972073255141146,0.001277552864898585,1.859224831576422
2,2,6,7,-0.06093120036224934,0.9990378709404877,False,0.00041419132411603735,0.0014553846484086095,1.89812568625564
2,3,1,1,0.6387562511546812,0.9501623375935017,False,0.0032215635202957477,0.009776625771086622,2.5492911595243752
2,3,1,2,1.1471914791629665,0.8636642233214782,False,0.010224051276644837,0.028595676825631768,2.968688797390965
2,3,1,3,1.3133087649331336,0.8971731702169375,False,0.01772226801161661,0.04545542322785193,3.1698055870972297
2,3,1,4,2.1983700897649725,0.5739278668304104,False,0.06994909875133071,0.17220805126342664,3.683227420694683
2,3,1,5,2.789499320138392,1.0199999947499327e-08,True,0.0,0.0,2.7896972704346745
2,3,1,6,1.5057846301094295,0.6225452149062707,False,0.011678649806153692,0.03708270633055919,3.0522547066333594
2,3,1,7,0.2520562468954352,0.9743683325558338,False,0.0010554290368705536,0.003494361637080428,2.186774155621793
2,3,2,1,1.0295853639030357,0.864374090574312,False,0.007329721241133694,0.021302533100972094,2.8518310955073867
2,3,2,2,1.7717194267189735,0.6320947946415285,False,0.02682366645887145,0.0752792808016583,3.3300054605057414
2,3,2,3,1.4526355718499875,0.8478186878392979,False,0.0220232794097224,0.05616474346864277,3.2573461500877965
2,3,2,4,1.4741954003273314,0.8383364751133209,False,0.022661310496026044,0.057834337281234216,3.2687854378554944
2,3,2,5,1.6497014567472719,0.6302485907449306,False,0.01874205421970547,0.055539368324117655,3.2057101283830454
2,3,2,6,0.7000946563734499,0.8135235563901363,False,0.002074551725579849,0.007038830264253895,2.467927254282072
2,3,2,7,-0.18127107141962068,0.8564538817785474,False,9.906575576976097e-05,0.00041094585803748564,1.6326068826446731
2,3,3,1,0.4278476529303339,0.9434516003949056,False,0.0016127056106223121,0.005230022378416914,2.3316238131122677
2,3,3,2,0.9306412774182311,0.8621343663394423,False,0.005423123953484141,0.016308960365303694,2.7505246203085387
2,3,3,3,0.6931306803688053,0.9495534163051234,False,0.0037852823239980897,0.011310955689366024,2.603053297669769
2,3,3,4,0.39809424131839094,0.9898550360415143,False,0.001819592721293544,0.005712680550325912,2.3481268324452884
2,3,3,5,0.25595150677374323,0.9748014982093803,False,0.001071450377872006,0.003542350511745124,2.1910994172759755
2,3,3,6,-0.24455770204701902,0.8584526993567466,False,7.731055058108217e-05,0.00032514407652659683,1.5714356596833805
2,3,3,7,-0.6209979712233833,0.6292381303768146,False,6.784751629950111e-07,4.152131294595297e-06,0.933762846926975
2,3,4,1,-0.7806547480314123,0.862268393017634,False,7.264769343741156e-06,3.453046426389166e-05,1.0393700481228991
2,3,4,2,-0.3399270577413548,0.9435090177361345,False,0.00010189480717280575,0.0004032045940546228,1.5639070323345465
2,3,4,3,-0.004881228282622559,0.9949293811839299,False,0.0004922349005369621,0.0017114910514355404,1.9501432500184
2,3,4,4,0.0050823801170628916,0.9996360088158547,False,0.0005230507088965696,0.0018066172649138822,1.964725636290744
2,3,4,5,-0.10244707846375321,0.9955182862318646,False,0.0003503717262107746,0.0012477995455537536,1.8531559099744244
2,3,4,6,-0.3440580649013449,0.9474514046784948,False,0.00010318586905975189,0.0004072035436362384,1.5637493981862973
2,3,4,7,-0.45194841868489233,0.8646579574431462,False,3.345207148046597e-05,0.0001470181223911787,1.3705965078707167
2,3,5,1,-1.5187281881454464,0.6320728805465825,False,1.6529946540484477e-09,1.2280361014309256e-08,0.03953083329731477
2,3,5,2,-0.9739945428136159,0.8637310630380535,False,2.8902331481521392e-06,1.4311124245583488e-05,0.8475732576722694
2,3,5,3,-0.31773318109675686,0.9907724920427492,False,0.00015450925519877655,0.0005823344477626333,1.633202903307708
2,3,5,4,-0.10054293248508132,0.9989973117004556,False,0.00036003881683062833,0.0012777150188554036,1.8584741865387597
2,3,5,5,-0.07673519087159067,0.9989929739668377,False,0.0003916726526392864,0.0013817633819903875,1.8822776750358803
2,3,5,6,-0.13283174997114183,0.9956331109973292,False,0.0003145248934827297,0.0011284907513922642,1.8228840164957902
2,3,5,7,-0.13278056346734896,0.9928901550729698,False,0.0003094409349977019,0.0011129243158348665,1.8202393595565616
2,3,6,1,-0.9452849518233701,0.8645451640753903,False,3.361773588475732e-06,1.6528690312339963e-05,0.8771410966932822
2,3,6,2,-0.6800040347534124,0.9477463247689992,False,2.6043146320338232e-05,0.00011106809319213034,1.22810033378427
2,3,6,3,-0.3281519044856413,0.9907878188525714,False,0.0001485676253352409,0.0005613257524344875,1.6227992699172544
2,3,6,4,-0.13641287724354156,0.9975027150548548,False,0.00031400718781629967,0.0011257773889176003,1.8211382536735363
2,3,6,5,-0.03984049368061611,0.9998314012958016,False,0.00044797433525676274,0.0015646968954005146,1.9199942726244292
2,3,6,6,-0.024567086032746693,0.9998689887778198,False,0.00047257284563590254,0.001644223701295411,1.9353045187640758
2,3,6,7,-0.017928773813273798,0.9999200186931232,False,0.0004837434498585931,0.001680197073566306,1.941992842938657
2,4,1,1,0.3844288129484796,0.9816493793487109,False,0.0016789386928328393,0.005328411343682543,2.326361936335072
2,4,1,2,0.6654282227283088,0.95017708204675,False,0.003492277302685247,0.010515390501138542,2.5759779547140518
2,4,1,3,0.6617984995454,0.9743832410614335,False,0.0038065564741274725,0.011236788783765666,2.5965312094724338
2,4,1,4,1.1117326031527899,0.8638240797911858,False,0.009258483216707358,0.02620071799220416,2.933398484955987
2,4,1,5,1.5620130051566705,0.6243797353990139,False,0.014039949684030578,0.04346609665736954,3.1107599798135546
2,4,1,6,0.9034521505234565,0.8593093889091663,False,0.004937618800814211,0.015018769682557592,2.7203514180761332
2,4,1,7,0.18291229594948774,0.9926354138082951,False,0.0009204058366055357,0.003054744956808739,2.135681664227766
2,4,2,1,0.6054599920704289,0.9499872320280875,False,0.002908344586260967,0.008913582553020017,2.5158188459403243
2,4,2,2,1.0457678743868921,0.8644682755933435,False,0.0076844080652628335,0.022213175322014566,2.8681128822049473
2,4,2,3,0.7971794254203018,0.9477521338314503,False,0.005106320837634397,0.014813282859905352,2.7052896416622514
2,4,2,4,0.7621423472238592,0.9478155810302362,False,0.004611449213009631,0.013519190426669138,2.6703164315478642
2,4,2,5,0.9440829256113675,0.8617551971938735,False,0.005637778417457134,0.016887598841393854,2.763566029555997
2,4,2,6,0.5029692734147018,0.9459969233986498,False,0.002076373772842765,0.006577313131069222,2.409311787478807
2,4,2,7,0.0378592289103043,0.9906459557938774,False,0.0005573633542036369,0.0019241606970820172,1.9886707276917113
2,4,3,1,0.04585014687388619,0.9634147026122057,False,0.0004914770126997975,0.0017347371824394042,1.9696624873985669
2,4,3,2,0.4316488063627493,0.9434682919528159,False,0.0016328286655524493,0.005289560604413182,2.3354418072864154
2,4,3,3,0.37502442141856845,0.9812437955378408,False,0.0016264506145113426,0.005177009284695609,2.3165563333216843
2,4,3,4,0.21814796580376875,0.99661622501892,False,0.0010546144226911709,0.003455843731796804,2.174829056332494
2,4,3,5,0.19499238585166975,0.9928111974761262,False,0.0009588443561248574,0.003171715455410542,2.1479346523368537
2,4,3,6,0.03378909158582601,0.9907287679991247,False,0.000549834202631435,0.0019000075379169616,1.9846821268764432
2,4,3,7,-0.11447977394829015,0.981332065706417,False,0.0003082043989093095,0.0011148438521577345,1.8271394636000433
2,4,4,1,-1.4283077737325132,0.6312951096460777,False,3.152110909515063e-09,2.3016613448551746e-08,0.1289922273001627
2,4,4,2,-0.7779994036120953,0.862270286707897,False,7.35716290835276e-06,3.4948792688966575e-05,1.04202739108546
2,4,4,3,-0.11862652992032059,0.9923597191208918,False,0.00032454089101542453,0.0011636930450247478,1.83387163831821
2,4,4,4,0.009881368299441863,0.9998911427413423,False,0.000532535795326073,0.0018367318063346135,1.969774685282573
2,4,4,5,7.575491889653648e-05,0.9998246987915187,False,0.0005146155235492287,0.001779448631712997,1.9599039522049488
2,4,4,6,-0.051491799008108075,0.9975082265410354,False,0.0004244181938333055,0.0014897843066343796,1.9060647399148527
2,4,4,7,-0.08796677169251055,0.993211817118802,False,0.00036392285001682996,0.0012940175440483664,1.8653694811435417
2,4,5,1,-2.4897848563018026,1.0199999947499327e-08,True,0.0,0.0,-2.48958690600552
2,4,5,2,-1.5081330625272682,0.632109279240928,False,1.789954042959516e-09,1.3268646857056326e-08,0.050170825400869035
2,4,5,3,-0.3408454231712887,0.9816636609449717,False,0.00013309694851144872,0.00050855093104537,1.601101826340449
2,4,5,4,-0.033083277716817946,0.9998698665553373,False,0.00045876340553416446,0.0015996050371583164,1.9267891873581378
2,4,5,5,-0.008131863158171125,0.9999887274755652,False,0.0005006577314731206,0.0017345402152599766,1.9518570897367504
2,4,5,6,-0.017791001185811773,0.9998697903895791,False,0.00048383903980964236,0.0016805440811080879,1.9420813892418425
2,4,5,7,-0.022622640055786722,0.9996645059674689,False,0.0004752346119839806,0.001652968122002741,1.9370485482114257
2,4,6,1,-1.515610620313684,0.6321181843538608,False,1.6937698522063773e-09,1.2574500757103982e-08,0.04270424421587937
2,4,6,2,-0.9278283284023686,0.8646490148737089,False,3.666820479794974e-06,1.7958338819387883e-05,0.8947071734572908
2,4,6,3,-0.22139175663021504,0.9932172463792016,False,0.00022467102637298373,0.000825549656526417,1.7319498350250542
2,4,6,4,-0.027141055515133912,0.999937915156132,False,0.000468539702911123,0.0016311518075386318,1.9327981003934867
2,4,6,5,-0.0038753436278286635,0.9999988060881783,False,0.0005081199302926645,0.001758481684062246,1.9561234863382368
2,4,6,6,-0.00260549262677537,0.999998529790639,False,0.0005103567110947655,0.0017656550158390786,1.9573930665675212
2,4,6,7,-0.0024381581781153174,0.9999976149927459,False,0.0005106496545793388,0.0017665950070728435,1.9575595045133822
3,1,1,1,0.02058118821429791,0.9999542494136315,False,0.0005527189536882028,0.0019010608475917398,1.9805363521268315
3,1,1,2,0.051167713187258546,0.9997625408631265,False,0.0006131496734708272,0.002092854680518706,2.0109349894167057
3,1,1,3,0.1243478802573047,0.9975030452748296,False,0.000776146977864085,0.0026047465525214355,2.081899335194769
3,1,1,4,0.2519119651288498,0.9922119816040464,False,0.00115248505200727,0.003757003584765645,2.204264788910992
3,1,1,5,0.26107239922259384,0.9921463677324109,False,0.001186998475802354,0.0038602670285089384,2.2133606684801923
3,1,1,6,0.09004943739906125,0.9965914059698875,False,0.0006880707318968728,0.00233161824202546,2.0467061638520994
3,1,1,7,-0.03314096741207956,0.9974074722510934,False,0.0004523313384642066,0.0015805927398374214,1.9243167065619455
3,1,2,1,0.03207714448362997,0.9998765851362744,False,0.0005747350029779537,0.001971135118833339,1.9919561941852977
3,1,2,2,0.0631434960357799,0.9996297525074903,False,0.0006382386589632453,0.0021720615710680673,2.022780619901516
3,1,2,3,0.09205880697261554,0.9989932321834137,False,0.0007016230643411185,0.0023713682623164698,2.0510719260598265
3,1,2,4,0.12611994503320553,0.9968028181077081,False,0.000777941377314074,0.002611147063083357,2.0829841983841044
3,1,2,5,0.0046377799826439105,0.990052026684248,False,0.0004950713685023438,0.0017245559136463901,1.9548643990477736
3,1,2,6,-0.2744962279050456,0.9669052361647846,False,0.00015502215385673063,0.0005908537123091045,1.6527980296619293
3,1,2,7,-0.34382593482085777,0.9474514017512052,False,0.00010328043171903474,0.00040755406721144547,1.5639815253195595
3,1,3,1,0.013271762482839743,0.9999514944362067,False,0.0005389757364114489,0.0018572453840846829,1.9732242264538749
3,1,3,2,0.01567021483186134,0.9998299561258613,False,0.0005430846789248392,0.0018704610958259634,1.975503564750448
3,1,3,3,-0.005693152176860318,0.9997442808688353,False,0.0005042189930765453,0.0017461714878541379,1.9540562270514423
3,1,3,4,-0.11681717881813687,0.9930243902960878,False,0.0003279525374118887,0.0011747091905192366,1.8363347604230094
3,1,3,5,-0.6171964770773828,0.8645257603843821,False,1.5930465800815608e-05,7.278733667750476e-05,1.205209120228728
3,1,3,6,-1.1991860239838563,0.611831821878863,False,1.0086367881364314e-08,7.22912400234847e-08,0.3339196889171947
3,1,3,7,-0.9713564834940074,0.7615886539379496,False,7.621249433552027e-07,4.235981478429249e-06,0.7391168349088337
3,1,4,1,-0.051461118716045216,0.9996456838206773,False,0.0004296752689976332,0.0015054127477456074,1.9081916206654794
3,1,4,2,-0.20355417955690316,0.9932499733284498,False,0.00023990511247031724,0.000877681844953074,1.749819593569626
3,1,4,3,-0.35060789450184476,0.981560716829655,False,0.00012812736126470914,0.000490746038048428,1.591237529256906
3,1,4,4,-0.4239994982214995,0.9747236789045638,False,9.186891791833959e-05,0.00036025324523421303,1.5110711684157092
3,1,4,5,-1.0637193418901223,0.6290740668222542,False,3.8921642096109766e-08,2.6385501969075983e-07,0.49083877381490715
3,1,4,6,-1.7731804670899407,1.0199999836477024e-08,True,0.0,0.0,-1.7729825167947355
3,1,4,7,-1.2174854573943186,0.6118516825928675,False,8.848686011671824e-09,6.366856962463027e-08,0.31564513842873776
3,1,5,1,-0.22052763552025192,0.9932172366524065,False,0.0002253854460539102,0.0008280008706991557,1.7328139465702652
3,1,5,2,-0.9244809318465105,0.8646494766226902,False,3.7274270759531884e-06,1.8241867578536095e-05,0.8980550566578941
3,1,5,3,-1.5207226404989571,0.632085664728622,False,1.6292372553790774e-09,1.2108512165257034e-08,0.037552139384704475
3,1,5,4,-1.0491874506185017,0.8579053115104843,False,1.8494863907155614e-06,9.364667751215623e-06,0.7662268394813303
3,1,5,5,-0.8116681951321965,0.8561307917419327,False,5.856978751859568e-06,2.821588319896979e-05,1.0018675915441537
3,1,5,6,-1.0380603296289173,0.6293441105430869,False,4.656901606081099e-08,3.1378576127116276e-07,0.516831414211252
3,1,5,7,-0.6520064924286149,0.8646645560965278,False,1.3598291815832079e-05,6.26214379904569e-05,1.170545388506581
3,1,6,1,-0.3466264465248121,0.9816682238958252,False,0.00013019133538833948,0.0004981313265843576,1.5953253162433063
3,1,6,2,-1.5140524195175593,0.6321152043466783,False,1.7133373069582236e-09,1.271581640407827e-08,0.04425877181047566
3,1,6,3,-2.489784856397478,1.0200000058521629e-08,True,0.0,0.0,-2.489586906100118
3,1,6,4,-1.537880728483491,0.6318121474675967,False,1.4232852976777786e-09,1.0618920972455091e-08,0.020056865167653815
3,1,6,5,-0.47106976782329973,0.9748668309306099,False,7.638769558919174e-05,0.0003028159588666455,1.4641429899124048
3,1,6,6,-0.2511772754281268,0.9813100039245283,False,0.00018636872173026205,0.0006971536365117201,1.6904201367756668
3,1,6,7,-0.13905945213382193,0.9932117758854578,False,0.0003031143813168333,0.0010915532878655345,1.8142767601556995
3,2,1,1,0.08813223076706658,0.9990881159048478,False,0.0006927159282936642,0.0023434454173200912,2.0472383805353895
3,2,1,2,0.1797796533035324,0.9972696818334029,False,0.0009324880220219281,0.003085019780202873,2.1371021126165606
3,2,1,3,0.33604568308436683,0.9915238003402386,False,0.0015066887709019976,0.004804425460387513,2.287721330159736
3,2,1,4,0.7739379358043127,0.9425059247733268,False,0.004676951397962762,0.013725914975165036,2.676759724782254
3,2,1,5,1.0100184617934014,0.8646057322056508,False,0.006929362005694148,0.020263705576702266,2.8325083467697842
3,2,1,6,0.5113828525159163,0.9469365642512113,False,0.002141501956392778,0.006761719926112844,2.418671898577748
3,2,1,7,0.03358092501044533,0.9907288166942333,False,0.0005494389642123412,0.0018987427300743156,1.9844740082450356
3,2,2,1,0.14029460270493016,0.9975181130004943,False,0.0008187884311144887,0.0027364280401478013,2.0978608424277905
3,2,2,2,0.254308672262721,0.993212133425956,False,0.001167189693294374,0.003799227905529069,2.2076452361372505
3,2,2,3,0.29063553426773575,0.9948797210358915,False,0.0013233927814070966,0.004259809279237579,2.245611221157852
3,2,2,4,0.4681412275343552,0.9786654360590681,False,0.002154803612075845,0.006698734122311934,2.4071206341203344
3,2,2,5,0.4930961887750074,0.9460681686145435,False,0.0020130106574764283,0.006394118056830849,2.39951048701913
3,2,2,6,-0.013511673907296733,0.9294336888725302,False,0.00032276823370456327,0.001193615363912421,1.8760682950732996
3,2,2,7,-0.3805968934348146,0.8639538347611531,False,4.536882710992813e-05,0.0001961507759872414,1.4412057993995235
3,2,3,1,0.05590357406653721,0.9989638187452076,False,0.000620464599252182,0.0021167197352938067,2.0148878532509285
3,2,3,2,0.11909524105534831,0.9974606827028216,False,0.0007624075825273498,0.002562225881129592,2.076605128302705
3,2,3,3,0.0920750138066646,0.9989104228924099,False,0.0007013550315524376,0.002370622306193416,2.0510069372239847
3,2,3,4,0.02293117361505654,0.9964174335754454,False,0.0005464928569358868,0.0018843106230592489,1.9794171083519847
3,2,3,5,-0.3097600573632686,0.9450607136240776,False,0.00011605959061420832,0.0004552702576496186,1.5956389133140687
3,2,3,6,-0.897799304129713,0.7608811360511439,False,1.1317225192589945e-06,6.19416638720135e-06,0.8118793125272523
3,2,3,7,-0.9649030449514627,0.6118554433370311,False,5.1861755594858695e-08,3.529862270241909e-07,0.5682322625551964
3,2,4,1,-0.13274571495634951,0.9973545968791553,False,0.00031787958133291635,0.0011387771976184764,1.8246600731650005
3,2,4,2,-0.16756073858122955,0.9964891343875837,False,0.0002789810778473993,0.001008799517771123,1.7889955878922357
3,2,4,3,-0.21013461962590357,0.993127227303131,False,0.00023401390534669034,0.0008575965583313601,1.743118450615561
3,2,4,4,-0.2507033804465506,0.990735875611126,False,0.0001984685480192162,0.0007360909277862038,1.700196652806743
3,2,4,5,-0.6674162481141135,0.8645381972645624,False,1.2648930975768839e-05,5.846297333140224e-05,1.1550024575107882
3,2,4,6,-1.213580839652944,0.6118553318526948,False,9.101538077386428e-09,6.543265796646183e-08,0.31955432817972707
3,2,4,7,-0.9739014058846567,0.7615833704516592,False,7.513586475073767e-07,4.1784997049653775e-06,0.7365659793428707
3,2,5,1,-0.3270408380528956,0.9907876909259845,False,0.00014919239598763334,0.0005635371964205024,1.6239102104004637
3,2,5,2,-0.676538555946557,0.9477457847403468,False,2.6430634111185628e-05,0.00011263299654817685,1.2315652689692982
3,2,5,3,-0.9473069651273001,0.8645328176242579,False,3.328035464493124e-06,1.6370196368720645e-05,0.8751060704344382
3,2,5,4,-0.6386079001630616,0.9477327730673675,False,3.104274772403878e-05,0.00013116239234910155,1.2694828264575566
3,2,5,5,-0.4992004581639808,0.9473966422545181,False,5.528285465170263e-05,0.00022630582022266263,1.4085518687602865
3,2,5,6,-0.6614774707118412,0.8646522145905993,False,1.3015711219767904e-05,6.0069433582005535e-05,1.161061403378708
3,2,5,7,-0.44822820725440093,0.947469852671609,False,6.806425397168662e-05,0.0002753122053192004,1.4595978293703364
3,2,6,1,-0.32825332021019854,0.9907877919777708,False,0.00014851068160211798,0.0005611241714461341,1.6226978277332358
3,2,6,2,-0.9898554616697856,0.8637647994368483,False,2.6726357922284192e-06,1.3278466152897858e-05,0.8317479127003312
3,2,6,3,-1.5260676663278756,0.6320795708216518,False,1.5654950816340411e-09,1.1647455349095291e-08,0.032199601912222375
3,2,6,4,-0.9341200482748343,0.8645513001584706,False,3.5514885882272025e-06,1.7419099527252397e-05,0.8883124675371451
3,2,6,5,-0.28634049261724404,0.990761186313113,False,0.00017382582727446536,0.0006502391880244202,1.6645844606652895
3,2,6,6,-0.15497417156801913,0.9931680870932337,False,0.00028612265216602494,0.001034455198024297,1.7983190791696593
3,2,6,7,-0.08867767853950959,0.9975212306579295,False,0.000372283762826533,0.0013189789707600099,1.868891620283779
3,3,1,1,0.14264462756760662,0.9975186577116083,False,0.0008252447492966197,0.002756313624396254,2.100211401770958
3,3,1,2,0.2662406606412886,0.9931880142242577,False,0.0012131974470359665,0.003936480912993176,2.219553506921655
3,3,1,3,0.41951908059156645,0.9899251895279237,False,0.0019464161514754531,0.006074452040134485,2.369620772322147
3,3,1,4,1.0569988303713413,0.8645594928653326,False,0.007940161141064182,0.022865865878746484,2.8794399810786726
3,3,1,5,1.551825450596441,0.6244101784327262,False,0.013604882107194974,0.04229456507176984,3.1006101811084514
3,3,1,6,0.8815600808504421,0.8586776765012194,False,0.004606200988034829,0.014117060356729624,2.697791388268934
3,3,1,7,0.14946957369728328,0.9905230823467652,False,0.000814355195489707,0.0027316122316166534,2.100160085578482
3,3,2,1,0.22346196095504295,0.993234107313176,False,0.0010553652263793553,0.003463511409245272,2.176820132580077
3,3,2,2,0.3976457774458925,0.9816666237202775,False,0.0017508662907776574,0.005536403008599004,2.33959595746695
3,3,2,3,0.399572913908078,0.9905760390867977,False,0.001833984300152254,0.005751972670646651,2.350315570374031
3,3,2,4,0.6676885442721532,0.9499036207799505,False,0.00351219286937492,0.010570849238072874,2.5779633280632854
3,3,2,5,0.900091657810717,0.8610912747567191,False,0.004923599671124584,0.014966702743584326,2.7188737341204137
3,3,2,6,0.38726639266136287,0.9306265242314472,False,0.0013253181651038375,0.0043979591917538835,2.278058516478132
3,3,2,7,-0.12291463059166846,0.9474954935676938,False,0.00024140976439455345,0.0009024600111294464,1.7849372211226235
3,3,3,1,0.016535572683053328,0.9950490617210893,False,0.0005305332426150354,0.0018344526959606776,1.971677632868895
3,3,3,2,0.15942625087398443,0.9923535401176157,False,0.0008499492984248309,0.002839061591887243,2.111918340413871
3,3,3,3,0.15655658923783278,0.9973519537451234,False,0.0008636874308761075,0.0028746573026399423,2.1139597836531445
3,3,3,4,0.1444286011741208,0.9972739248845501,False,0.0008291322366618063,0.0027685939210686504,2.101755224361086
3,3,3,5,0.08085204277903187,0.9888375424821344,False,0.0006397412820990543,0.0021877391992117553,2.029882135722537
3,3,3,6,-0.23730634554633698,0.9451367681036239,False,0.000153910150605649,0.0005931748589786692,1.6681692928040677
3,3,3,7,-0.42839179386829657,0.8646120656499068,False,3.707481276025049e-05,0.00016203362857694382,1.3941047661835135
3,3,4,1,-0.53148152252474,0.9500956845374485,False,4.947338148925649e-05,0.00020352375489884767,1.378986373494207
3,3,4,2,-0.3131559697381947,0.9812386913837524,False,0.0001474749865153955,0.0005599917852202012,1.628370892507039
3,3,4,3,-0.08885835340786036,0.9986285301371535,False,0.000374454848539465,0.0013254446225181415,1.8697971449825248
3,3,4,4,-0.04781521304902862,0.9995129568110653,False,0.0004348681195132471,0.0015223889505179109,1.911707426494947
3,3,4,5,-0.1532656536261225,0.9928424063064736,False,0.0002873249753254643,0.0010386641561234682,1.79970730780139
3,3,4,6,-0.34908850389158197,0.9677276229876267,False,0.00011703884007074048,0.00045379905848262945,1.579025195159713
3,3,4,7,-0.3589043635933431,0.9474680478940447,False,9.731589186845403e-05,0.00038539825180169046,1.548919855979771
3,3,5,1,-0.943051435694144,0.8645457873865249,False,3.3989095507896082e-06,1.6703175752873002e-05,0.8793752697796522
3,3,5,2,-0.6763499633460074,0.9477455453217027,False,2.645182948089389e-05,0.0001127185691461952,1.2317536205581403
3,3,5,3,-0.32713014353059083,0.9907865659891064,False,0.00014914095553913618,0.0005633554445553349,1.6238197973709565
3,3,5,4,-0.15175300806706712,0.9973820635941455,False,0.0002969567170797863,0.0010687950756447535,1.805679732923864
3,3,5,5,-0.1155269716586487,0.9973994494494882,False,0.000338150719919219,0.0012061982252060046,1.841922829742438
3,3,5,6,-0.1667584157877693,0.9928902419403683,False,0.00027370490619662256,0.0009926755220741874,1.786261592670444
3,3,5,7,-0.13198089552700656,0.9956332049869484,False,0.0003154866183382515,0.0011317032272460572,1.823734963251528
3,3,6,1,-0.6022600686943709,0.9498816972349142,False,3.682276314996981e-05,0.00015399106222938904,1.3079926706303622
3,3,6,2,-0.5416611810271148,0.9749585967884978,False,5.764985358040742e-05,0.00023227116841500813,1.3936426569845533
3,3,6,3,-0.4120481076471664,0.9807769919414374,False,0.00010052602554527475,0.0003909344557578818,1.5290219303067003
3,3,6,4,-0.21431891206776454,0.9932505081107534,False,0.00023062957632532166,0.0008459628898877267,1.7390553869231562
3,3,6,5,-0.0644182787963823,0.9995408213230985,False,0.0004103282329644669,0.0014424362273185872,1.895131674431352
3,3,6,6,-0.03617289637319375,0.999662359104738,False,0.00045331405460769143,0.0015821203780795102,1.9234961876143966
3,3,6,7,-0.022414880888225682,0.999869790091635,False,0.0004761260063014198,0.001655685751647913,1.9374575092474242
3,4,1,1,0.0856469442996716,0.9990863186879806,False,0.0006869078239952354,0.002325290593237924,2.0447513319910846
3,4,1,2,0.1545824559950346,0.997505374948737,False,0.0008587023587692689,0.0028591631724104814,2.112136196867317
3,4,1,3,0.22437097674142223,0.9966190229657456,False,0.0010763376586529587,0.0035212038739343534,2.1810548139070507
3,4,1,4,0.5919314254107055,0.9491091739182423,False,0.002779502038864519,0.00855883037893675,2.5014072180104234
3,4,1,5,0.9145813832784885,0.8593485162135346,False,0.005108142226131922,0.015481802559990238,2.7315220151885997
3,4,1,6,0.5410558276278985,0.9478374076865247,False,0.0023603500674474164,0.007383847436040921,2.4492518829032868
3,4,1,7,0.11031319770523078,0.9972829590539666,False,0.0007395212555264801,0.0024913652753565016,2.0676486864505095
3,4,2,1,0.12458215481115188,0.997471771569919,False,0.000776631248900682,0.0026062835052214108,2.0821029229418504
3,4,2,2,0.23071137296354413,0.9932324949056696,False,0.0010807413787265047,0.0035399707343519,2.1840679590557044
3,4,2,3,0.22294623409204833,0.996614655181109,False,0.0010713085510274806,0.0035060895693290843,2.1796257835696187
3,4,2,4,0.3779234536876319,0.98116640964752,False,0.0016409354596617406,0.005219305304825745,2.319378804526768
3,4,2,5,0.5490036279995393,0.9482400962075427,False,0.0024240139081420572,0.00756302701816203,2.457604988575104
3,4,2,6,0.29931207420705697,0.9799901355209436,False,0.0012672160544739772,0.004122152842444726,2.239603316422322
3,4,2,7,0.02168592788906191,0.9965631109087304,False,0.0005445878888453238,0.0018780996873191298,1.9783148776051236
3,4,3,1,-0.11926163040145862,0.9923602062247071,False,0.00032380355593364645,0.00116123158686968,1.8332370170328578
3,4,3,2,0.018467418778049423,0.9950494515990396,False,0.000534089260247516,0.0018458396954442154,1.9736098619935996
3,4,3,3,0.07615428785123583,0.9989202986040306,False,0.0006645719296814578,0.0022555133929105875,2.035095894718894
3,4,3,4,0.09175393306085415,0.9990203981264736,False,0.0007010009055909193,0.0023693963013105613,2.0507936880027136
3,4,3,5,0.10726354220042446,0.9973052655920253,False,0.0007320450443591585,0.002468081254078453,2.0646209209890616
3,4,3,6,0.012546590447757713,0.9966002035146214,False,0.000527779957530828,0.0018243147625820084,1.9692119532070032
3,4,3,7,-0.07373024236305543,0.9931760449433085,False,0.00038270514355782156,0.0013560143312230642,1.8795708338293
3,4,4,1,-0.8994318729378391,0.8646306900402174,False,4.211255210232942e-06,2.0497846720850444e-05,0.9230843159775021
3,4,4,2,-0.5274591789094867,0.9501006203382631,False,5.03004272382427e-05,0.00020673299546185655,1.3830136795973993
3,4,4,3,-0.10756802097251182,0.9974749157425177,False,0.00034803340459186064,0.001238919274792636,1.849955832347405
3,4,4,4,-0.004859546220507837,0.9999715812956239,False,0.0005063154035212019,0.001752714960841346,1.955112603251333
3,4,4,5,-0.008164746696774323,0.9999031673805568,False,0.0005003624563583702,0.0017336606814105319,1.951740355038804
3,4,4,6,-0.042819422092393776,0.9990330203423868,False,0.00044133193241180976,0.0015437256887599433,1.9162327086451507
3,4,4,7,-0.06031806164919134,0.9975212459847027,False,0.0004114872352022113,0.0014475789578739758,1.8972512522129854
3,4,5,1,-1.514255872973177,0.6321193249216968,False,1.7109410022927319e-09,1.269847612519408e-08,0.04406039743510903
3,4,5,2,-0.9255937028373239,0.8646496381679627,False,3.707187640272715e-06,1.8147205561804114e-05,0.8969424559222342
3,4,5,3,-0.22010060021412314,0.9932171359819356,False,0.00022573914760429508,0.0008292142634123022,1.7332408828830346
3,4,5,4,-0.028046786012037882,0.9999370914284234,False,0.00046706231393164616,0.0016263809788378406,1.9318915626182018
3,4,5,5,-0.010643840001207088,0.9999815036272662,False,0.0004962981660227381,0.001720540349386535,1.9493380334696948
3,4,5,6,-0.017868558150267076,0.9999200194215844,False,0.0004838446358221109,0.0016805229637431205,1.942053059315584
3,4,5,7,-0.017944352477631514,0.9998697811331687,False,0.0004835813647981824,0.0016797141605362621,1.9419280288781497
3,4,6,1,-0.9217081471039736,0.8646622249205128,False,3.7788876525369673e-06,1.8482308454024913e-05,0.900841276987083
3,4,6,2,-0.5734790759026897,0.9501689031126139,False,4.161347433411639e-05,0.00017283852694627421,1.3370624332505185
3,4,6,3,-0.1518364920717182,0.9973984377330761,False,0.0002968968356646174,0.0010685861190053297,1.8056123165553135
3,4,6,4,-0.027278452335821532,0.9999378912256283,False,0.0004683155745505013,0.0016304280493198119,1.932660680120177
3,4,6,5,-0.005656105812170467,0.9999968973306983,False,0.0005049920650919814,0.001748448092665801,1.9543408535695552
3,4,6,6,-0.0033264947924053555,0.9999976005467803,False,0.0005090825156541731,0.0017615698942742885,1.9566711537420287
3,4,6,7,-0.0024261237962742467,0.9999985351916727,False,0.000510673520951869,0.0017666707727358203,1.9575724406910393
